"target","mean_age","median_age","min_age","max_age"
0,56.6014492753623,58,35,77
1,52.5853658536585,52,29,76
